word_number;sentence;pronoun;variants
0;['Моєму', 'старшому', 'брату', '(', 'є', ')', '29', 'років', '.'];Моєму;['Мій', 'Мого']
1;['У', 'мене', 'є', 'мама', ',', 'тато', ',', 'троє', 'братів', 'і', 'дві', 'сестри', '.'];мене;['я', 'мені']
0;['Я', 'шукаю', 'супермаркет', '.'];Я;['Мене', 'Мені']
1;['У', 'мене', 'також', 'є', 'бабуся', 'і', 'дідусь', '.'];мене;['я', 'мені']
1;['Тут', 'я', 'дізнаюся', 'дуже', 'багато', 'нового', 'і', 'цікавого', '.'];я;['мене', 'мені']
0;['Мені', 'потрібен', 'йогурт', 'і', 'вівсянка', '.'];Мені;['Я', 'Мене']
0;['Це', 'твій', 'одногрупник', '?'];Це;['Цього', 'Цьому', 'Цім']
1;['Це', 'твій', 'одногрупник', '?'];твій;['твого', 'твоєму']
0;['Я', 'навчаюся', 'на', 'другому', '(', '2', ')', 'курсі', '.'];Я;['Мене', 'Мені']
0;['Я', 'люблю', 'свою', "сім'ю", '.'];Я;['Мене', 'Мені']
5;['Щоб', 'донести', 'продукти', 'додому', ',', 'тобі', 'потрібен', 'пакет', '.'];тобі;['ти', 'тебе']
1;['Як', 'тебе', 'звати', '?'];тебе;['ти', 'тобі']
0;['Вона', 'пенсіонерка', '(', 'на', 'пенсії', ')', '.'];Вона;['Її', 'Їй', 'Ній']
0;['Вона', 'складається', 'з', '5', 'чоловік', ':', 'мама', ',', 'тато', ',', 'я', ',', 'брат', 'і', 'сестра', '.'];Вона;['Її', 'Їй', 'Ній']
10;['Вона', 'складається', 'з', '5', 'чоловік', ':', 'мама', ',', 'тато', ',', 'я', ',', 'брат', 'і', 'сестра', '.'];я;['мене', 'мені']
0;['Я', 'шукаю', 'помідори', 'і', 'банани', '.'];Я;['Мене', 'Мені']
0;['Я', 'дуже', 'люблю', 'гуляти', 'в', 'ботанічному', 'саду', 'весною', '.'];Я;['Мене', 'Мені']
0;['Мій', 'друг', 'замовив', 'лате', ',', 'а', 'я', 'замовила', 'чай', '.'];Мій;['Мого', 'Моєму']
6;['Мій', 'друг', 'замовив', 'лате', ',', 'а', 'я', 'замовила', 'чай', '.'];я;['мене', 'мені']
0;['Я', 'навчаюся', 'в', 'Києві', 'і', 'живу', 'в', 'гуртожитку', '.'];Я;['Мене', 'Мені']
0;['Моїх', 'сестер', 'звати', 'Оля', 'і', 'Марія', '.'];Моїх;['Мої', 'Моїм']
0;['Їй', '(', 'є', ')', '12', 'років', '.'];Їй;['Вона', 'Її', 'Ній']
0;['Я', 'маю', 'тітку', 'і', 'дядька', '.'];Я;['Мене', 'Мені']
0;['Я', '(', 'є', ')', 'щаслива', ',', 'що', 'ми', 'познайомилися', '.'];Я;['Мене', 'Мені']
7;['Я', '(', 'є', ')', 'щаслива', ',', 'що', 'ми', 'познайомилися', '.'];ми;['нас', 'нам']
0;['Я', '(', 'є', ')', 'родом', 'з', 'Канади', '.'];Я;['Мене', 'Мені']
1;['Звідки', 'ти', 'приїхав', 'до', 'України', '?'];ти;['тебе', 'тобі']
1;['В', 'цьому', 'корпусі', 'навчаються', 'медики', 'і', 'біологи', '.'];цьому;['цей', 'цього', 'цім']
0;['Я', 'сиджу', 'на', 'лавці', 'в', 'парку', 'і', 'насолоджуюся', 'погодою', '.'];Я;['Мене', 'Мені']
1;['А', 'вас', '?'];вас;['ви', 'вам']
2;['Перепрошую', ',', 'це', 'станція', 'Вокзальна', '?'];це;['цього', 'цьому', 'цім']
3;['—', 'Дякую', ',', 'я', 'подумаю', '.'];я;['мене', 'мені']
0;['Вам', 'потрібен', 'автобус', '333', '.'];Вам;['Ви', 'Вас']
4;['—', 'Добрий', 'день', ',', 'я', 'шукаю', 'сорочку', 'розміру', 'S', '.', '—', 'Я', 'можу', 'запропонувати', 'чотири', '(', '4', ')', 'сорочки', '.'];я;['мене', 'мені']
11;['—', 'Добрий', 'день', ',', 'я', 'шукаю', 'сорочку', 'розміру', 'S', '.', '—', 'Я', 'можу', 'запропонувати', 'чотири', '(', '4', ')', 'сорочки', '.'];Я;['Мене', 'Мені']
0;['Це', 'автобусна', 'зупинка', '?'];Це;['Цього', 'Цьому', 'Цім']
0;['Я', 'хочу', 'капці', 'рожевого', 'або', 'жовтого', 'кольору', '.'];Я;['Мене', 'Мені']
0;['Я', 'не', 'буду', 'його', 'купувати', '.'];Я;['Мене', 'Мені']
3;['Я', 'не', 'буду', 'його', 'купувати', '.'];його;['він', 'йому', 'нім']
0;['Я', "п'ю", 'каву', '.'];Я;['Мене', 'Мені']
1;['Якщо', 'ти', 'хочеш', 'щось', 'у', 'них', 'залишити', ',', 'то', 'поклади', 'речі', 'у', 'камеру', ',', 'а', 'потім', 'замкни', 'її', 'на', 'ключ', '.'];ти;['тебе', 'тобі']
5;['Якщо', 'ти', 'хочеш', 'щось', 'у', 'них', 'залишити', ',', 'то', 'поклади', 'речі', 'у', 'камеру', ',', 'а', 'потім', 'замкни', 'її', 'на', 'ключ', '.'];них;['вони', 'їх', 'їм']
17;['Якщо', 'ти', 'хочеш', 'щось', 'у', 'них', 'залишити', ',', 'то', 'поклади', 'речі', 'у', 'камеру', ',', 'а', 'потім', 'замкни', 'її', 'на', 'ключ', '.'];її;['вона', 'їй', 'ній']
1;['—', 'Я', 'хочу', 'їх', 'купити', '.'];Я;['Мене', 'Мені']
3;['—', 'Я', 'хочу', 'їх', 'купити', '.'];їх;['вони', 'їм', 'них']
0;['Мій', 'розмір', '(', 'є', ')', 'S', ',', 'а', 'не', 'XS', '.'];Мій;['Мого', 'Моєму']
1;['В', 'моєї', 'сестри', 'мого', 'брата', 'є', 'діти', ',', 'тому', 'в', 'мене', 'є', 'племінник', 'і', 'племінниця', '.'];моєї;['моя', 'моїй', 'мою']
3;['В', 'моєї', 'сестри', 'мого', 'брата', 'є', 'діти', ',', 'тому', 'в', 'мене', 'є', 'племінник', 'і', 'племінниця', '.'];мого;['мій', 'моєму']
8;['В', 'моєї', 'сестри', 'мого', 'брата', 'є', 'діти', ',', 'тому', 'в', 'мене', 'є', 'племінник', 'і', 'племінниця', '.'];тому;['той', 'того', 'тім']
10;['В', 'моєї', 'сестри', 'мого', 'брата', 'є', 'діти', ',', 'тому', 'в', 'мене', 'є', 'племінник', 'і', 'племінниця', '.'];мене;['я', 'мені']
1;['У', 'мене', 'є', 'мама', 'і', 'тато', ',', 'дві', 'бабусі', 'і', 'два', 'дідуся', '.'];мене;['я', 'мені']
3;['На', 'якому', 'автобусі', 'я', 'можу', 'туди', 'дістатися', '?'];я;['мене', 'мені']
0;['Я', 'живу', 'в', 'одинадцятому', '(', '11', ')', 'гуртожитку', '.'];Я;['Мене', 'Мені']
0;['Я', 'хочу', 'піти', 'з', 'тобою', 'на', 'концерт', '.'];Я;['Мене', 'Мені']
0;['Я', 'гуляю', 'в', 'парку', 'щодня', 'кожного', 'дня', '.'];Я;['Мене', 'Мені']
0;['Я', 'не', 'знаю', ',', 'де', 'знаходиться', 'розклад', '.'];Я;['Мене', 'Мені']
2;['—', 'Візьміть', 'ваш', 'чек', ',', 'гарного', 'дня', '!'];ваш;['вашого', 'вашому', 'вашім']
0;['Мій', 'старший', 'брат', 'працює', 'викладачем', 'української', 'мови', 'в', 'університеті', '.'];Мій;['Мого', 'Моєму']
0;['Я', 'навчаюся', 'в', 'університеті', '.'];Я;['Мене', 'Мені']
5;['А', 'звідки', '(', 'є', ')', 'ти', '?'];ти;['тебе', 'тобі']
0;['Мені', 'потібен', 'сороковий', '(', '40', ')', 'розмір', '.'];Мені;['Я', 'Мене']
0;['Ви', 'виходите', 'на', 'наступній', 'станції', '?'];Ви;['Вас', 'Вам']
1;['У', 'мого', 'тата', 'немає', 'рідних', 'братів', 'і', 'сестер', '.'];мого;['мій', 'моєму']
0;['Я', 'живу', 'в', 'Києві', '.'];Я;['Мене', 'Мені']
0;['Я', 'хочу', 'знайти', 'супермаркет', '.'];Я;['Мене', 'Мені']
2;['Підемо', 'по', 'цій', 'стежці', ',', 'сядемо', 'на', 'лавку', 'у', 'тіні', 'того', 'дерева', '.'];цій;['ця', 'цієї', 'цю']
10;['Підемо', 'по', 'цій', 'стежці', ',', 'сядемо', 'на', 'лавку', 'у', 'тіні', 'того', 'дерева', '.'];того;['той', 'тому', 'тім']
0;['Вони', '(', 'люди', ')', 'гуляють', '.'];Вони;['Їх', 'Їм', 'Них']
0;['Я', 'йду', 'по', 'доріжці', '.'];Я;['Мене', 'Мені']
3;['А', 'яке', 'в', 'тебе', '(', 'є', ')', 'хобі', '?'];тебе;['ти', 'тобі']
0;['Моя', 'кімната', '(', 'є', ')', 'під', 'номером', 'сто', 'десять', '(', '110', ')', '.'];Моя;['Моєї', 'Моїй', 'Мою']
2;['—', 'Дякую', 'вам', 'за', 'допомогу', '!'];вам;['ви', 'вас']
2;['Як', 'давно', 'ти', 'тут', 'живеш', '?'];ти;['тебе', 'тобі']
0;['Мене', 'звати', 'Даша', '.'];Мене;['Я', 'Мені']
2;['Які', 'у', 'вас', 'є', 'крупи', '?'];вас;['ви', 'вам']
0;['Мені', 'це', 'не', 'подобається', '.'];Мені;['Я', 'Мене']
1;['Мені', 'це', 'не', 'подобається', '.'];це;['цього', 'цьому', 'цім']
0;['Я', 'хочу', 'придбати', 'його', 'і', 'розрахуватися', 'картою', '.'];Я;['Мене', 'Мені']
3;['Я', 'хочу', 'придбати', 'його', 'і', 'розрахуватися', 'картою', '.'];його;['він', 'йому', 'нім']
1;['В', 'мене', 'велика', 'родина', '.'];мене;['я', 'мені']
5;['Не', 'підкажете', ',', 'котрий', 'з', 'них', '(', 'є', ')', 'другий', '(', '2', ')', '?'];них;['вони', 'їх', 'їм']
0;['Ми', 'з', 'подругою', 'ідемо', 'парком', '.'];Ми;['Нас', 'Нам']
4;['—', 'Доброго', 'дня', ',', 'ви', 'розраховуєтесь', 'картою', 'чи', 'готівкою', '?'];ви;['вас', 'вам']
0;['Ви', 'продаєте', 'зимові', 'рукавиці', 'і', 'шарфи', '?'];Ви;['Вас', 'Вам']
0;['Ми', 'дуже', 'любимо', 'наше', 'рідне', 'місто', '.'];Ми;['Нас', 'Нам']
3;['Ми', 'дуже', 'любимо', 'наше', 'рідне', 'місто', '.'];наше;['нашого', 'нашому', 'нашім']
0;['Моя', 'бабуся', 'живе', 'за', 'містом', '.'];Моя;['Моєї', 'Моїй', 'Мою']
0;['Мені', 'не', 'потрібно', 'йти', 'в', 'університет', 'і', 'вивчати', 'нові', 'слова', '.'];Мені;['Я', 'Мене']
0;['Я', 'шукаю', 'джинси', '.'];Я;['Мене', 'Мені']
0;['Мого', 'тата', 'звати', 'Іван', '.'];Мого;['Мій', 'Моєму']
3;['Ірина', 'старша', 'від', 'мене', '.'];мене;['я', 'мені']
2;['Де', 'можна', 'його', 'знайти', '?'];його;['він', 'йому', 'нім']
1;['Допоможіть', 'мені', 'знайти', 'торгівельний', 'центр', 'на', 'мапі', ',', 'будь', 'ласка', '.'];мені;['я', 'мене']
0;['Я', '(', 'є', ')', 'Аліна', '.'];Я;['Мене', 'Мені']
0;['Їй', '70', 'років', '.'];Їй;['Вона', 'Її', 'Ній']
1;['Там', 'я', 'можу', 'купити', 'їжу', ',', 'яка', 'мені', 'подобається', '.'];я;['мене', 'мені']
7;['Там', 'я', 'можу', 'купити', 'їжу', ',', 'яка', 'мені', 'подобається', '.'];мені;['я', 'мене']
1;['Запропонуйте', 'мені', ',', 'будь', 'ласка', ',', 'щось', 'інше', '.'];мені;['я', 'мене']
0;['Ти', 'теж', 'живеш', 'у', 'цьому', 'гуртожитку', '?'];Ти;['Тебе', 'Тобі']
4;['Ти', 'теж', 'живеш', 'у', 'цьому', 'гуртожитку', '?'];цьому;['цей', 'цього', 'цім']
0;['Я', 'люблю', 'проводити', 'час', 'з', 'бабусею', 'і', 'дідусем', ',', 'з', 'ними', 'мені', 'весело', '.'];Я;['Мене', 'Мені']
11;['Я', 'люблю', 'проводити', 'час', 'з', 'бабусею', 'і', 'дідусем', ',', 'з', 'ними', 'мені', 'весело', '.'];мені;['я', 'мене']
0;['Я', 'шукаю', 'вівсяну', 'кашу', 'і', 'мені', 'потрібні', 'курячі', 'яйця', '.'];Я;['Мене', 'Мені']
5;['Я', 'шукаю', 'вівсяну', 'кашу', 'і', 'мені', 'потрібні', 'курячі', 'яйця', '.'];мені;['я', 'мене']
1;['—', 'Ти', 'не', 'маєш', 'запасної', 'ручки', '?'];Ти;['Тебе', 'Тобі']
2;['Ким', 'працює', 'твоя', 'мама', '?'];твоя;['твоєї', 'твоїй', 'твою']
0;['Я', 'бачив', 'тебе', 'там', 'декілька', 'разів', '.'];Я;['Мене', 'Мені']
2;['Я', 'бачив', 'тебе', 'там', 'декілька', 'разів', '.'];тебе;['ти', 'тобі']
1;['—', 'Вам', 'потрібно', 'йти', 'у', 'підземний', 'перехід', '.'];Вам;['Ви', 'Вас']
2;['У', 'супермаркеті', 'я', 'можу', 'купити', 'багато', 'різних', 'товарів', ':', 'овочі', ',', 'фрукти', ',', "м'ясо", ',', 'рибу', ',', 'хліб', ',', 'крупи', ',', 'напої', 'тощо', '.'];я;['мене', 'мені']
0;['Я', 'хочу', 'придбати', 'студентський', 'проїзний', 'на', '62', 'поїздки', '.'];Я;['Мене', 'Мені']
0;['Я', 'їду', 'зі', 'станції', 'Васильківська', 'на', 'станцію', 'Університет', '.'];Я;['Мене', 'Мені']
2;['Куди', 'їде', 'цей', 'автобус', '?'];цей;['цього', 'цьому', 'цім']
1;['У', 'тебе', 'є', 'дідусь', 'і', 'бабуся', '?'];тебе;['ти', 'тобі']
0;['Мені', '(', 'є', ')', '19', 'років', '.'];Мені;['Я', 'Мене']
0;['Тобі', 'подобається', 'там', 'навчатися', '?'];Тобі;['Ти', 'Тебе']
0;['Я', 'буду', 'за', 'вами', '.'];Я;['Мене', 'Мені']
0;['Я', 'вирішив', 'вас', 'познайомити', '.'];Я;['Мене', 'Мені']
2;['Я', 'вирішив', 'вас', 'познайомити', '.'];вас;['ви', 'вам']
0;['Я', 'перепрошую', ',', 'підкажіть', ',', 'будь', 'ласка', ',', 'де', 'вихід', 'до', 'бульвару', 'Лесі', 'Українки', '?'];Я;['Мене', 'Мені']
2;['Коли', 'приходить', 'цей', 'потяг', '?'];цей;['цього', 'цьому', 'цім']
0;['Це', '(', 'є', ')', 'моя', 'подруга', 'Марія', '.'];Це;['Цього', 'Цьому', 'Цім']
4;['Це', '(', 'є', ')', 'моя', 'подруга', 'Марія', '.'];моя;['моєї', 'моїй', 'мою']
0;['Я', 'люблю', 'своїх', 'батьків', '.'];Я;['Мене', 'Мені']
0;['Я', 'маю', 'маму', 'і', 'тата', '.'];Я;['Мене', 'Мені']
0;['Я', 'цікавлюся', 'малюванням', '.'];Я;['Мене', 'Мені']
0;['Я', 'не', 'розумію', 'цю', 'тему', '.'];Я;['Мене', 'Мені']
3;['Я', 'не', 'розумію', 'цю', 'тему', '.'];цю;['ця', 'цієї', 'цій']
0;['Я', 'бачив', 'на', 'вашому', 'сайті', 'сіру', 'зимову', 'куртку', '.'];Я;['Мене', 'Мені']
3;['Я', 'бачив', 'на', 'вашому', 'сайті', 'сіру', 'зимову', 'куртку', '.'];вашому;['ваш', 'вашого', 'вашім']
0;['Вона', 'знаходиться', 'на', 'другому', '(', '2', ')', 'поверсі', '.'];Вона;['Її', 'Їй', 'Ній']
3;['У', 'якій', 'кімнаті', 'ти', 'живеш', '?'];ти;['тебе', 'тобі']
0;['Я', 'хочу', 'придбати', 'один', '(', '1', ')', 'кілограм', '.'];Я;['Мене', 'Мені']
0;['Я', 'думаю', ',', 'що', 'ми', 'будемо', 'ладнати', 'між', 'собою', '.'];Я;['Мене', 'Мені']
4;['Я', 'думаю', ',', 'що', 'ми', 'будемо', 'ладнати', 'між', 'собою', '.'];ми;['нас', 'нам']
0;['Я', 'ходжу', 'в', 'школу', ',', 'тому', 'я', 'школяр', '.'];Я;['Мене', 'Мені']
5;['Я', 'ходжу', 'в', 'школу', ',', 'тому', 'я', 'школяр', '.'];тому;['той', 'того', 'тім']
6;['Я', 'ходжу', 'в', 'школу', ',', 'тому', 'я', 'школяр', '.'];я;['мене', 'мені']
6;['Принесіть', ',', 'будь', 'ласка', ',', 'сукню', 'мого', 'розміру', '.'];мого;['мій', 'моєму']
0;['Я', 'заручена', ',', 'тому', 'скоро', 'ми', 'з', 'моїм', 'нареченим', 'можемо', 'почати', 'власну', "сім'ю", '.'];Я;['Мене', 'Мені']
3;['Я', 'заручена', ',', 'тому', 'скоро', 'ми', 'з', 'моїм', 'нареченим', 'можемо', 'почати', 'власну', "сім'ю", '.'];тому;['той', 'того', 'тім']
5;['Я', 'заручена', ',', 'тому', 'скоро', 'ми', 'з', 'моїм', 'нареченим', 'можемо', 'почати', 'власну', "сім'ю", '.'];ми;['нас', 'нам']
7;['Я', 'заручена', ',', 'тому', 'скоро', 'ми', 'з', 'моїм', 'нареченим', 'можемо', 'почати', 'власну', "сім'ю", '.'];моїм;['мій', 'мого', 'моєму']
0;['Я', 'не', 'можу', 'знайти', 'ліфт', '.'];Я;['Мене', 'Мені']
0;['Я', 'навчаюся', 'в', 'цьому', 'університеті', 'разом', 'з', 'молодшою', 'сестрою', '.'];Я;['Мене', 'Мені']
3;['Я', 'навчаюся', 'в', 'цьому', 'університеті', 'разом', 'з', 'молодшою', 'сестрою', '.'];цьому;['цей', 'цього', 'цім']
0;['Ми', '(', 'є', ')', 'сусіди', 'по', 'кімнаті', '.'];Ми;['Нас', 'Нам']
1;['Зараз', 'я', 'на', 'бульварі', 'Лесі', 'Українки', '.'];я;['мене', 'мені']
1;['—', 'Ця', 'дівчинка', 'дуже', 'схожа', 'на', 'тебе', '!'];Ця;['Цієї', 'Цій', 'Цю']
6;['—', 'Ця', 'дівчинка', 'дуже', 'схожа', 'на', 'тебе', '!'];тебе;['ти', 'тобі']
3;['На', 'жаль', ',', 'це', 'дуже', 'дорого', 'для', 'мене', '.'];це;['цього', 'цьому', 'цім']
7;['На', 'жаль', ',', 'це', 'дуже', 'дорого', 'для', 'мене', '.'];мене;['я', 'мені']
0;['Мені', 'подобається', 'в', 'парку', '.'];Мені;['Я', 'Мене']
3;['Перепрошую', ',', 'де', 'я', 'можу', 'зважити', 'овочі', 'і', 'фрукти', '?'];я;['мене', 'мені']
1;['—', 'Мені', 'підходить', 'це', 'взуття', '.'];Мені;['Я', 'Мене']
3;['—', 'Мені', 'підходить', 'це', 'взуття', '.'];це;['цього', 'цьому', 'цім']
4;['Щоб', 'придбати', 'продукти', ',', 'я', 'повинен', 'сказати', ',', 'скільки', 'штук', 'або', 'кілограмів', 'товару', 'мені', 'потрібно', '.'];я;['мене', 'мені']
13;['Щоб', 'придбати', 'продукти', ',', 'я', 'повинен', 'сказати', ',', 'скільки', 'штук', 'або', 'кілограмів', 'товару', 'мені', 'потрібно', '.'];мені;['я', 'мене']
0;['Мою', 'сестру', 'звати', 'Ірина', ',', 'їй', '20', 'років', '.'];Мою;['Моя', 'Моєї', 'Моїй']
5;['Мою', 'сестру', 'звати', 'Ірина', ',', 'їй', '20', 'років', '.'];їй;['вона', 'її', 'ній']
0;['Я', 'забув', 'пляшку', 'води', 'у', 'вагоні', 'метро', ',', 'допоможіть', 'її', 'знайти', ',', 'будь', 'ласка', '.'];Я;['Мене', 'Мені']
9;['Я', 'забув', 'пляшку', 'води', 'у', 'вагоні', 'метро', ',', 'допоможіть', 'її', 'знайти', ',', 'будь', 'ласка', '.'];її;['вона', 'їй', 'ній']
0;['Ми', 'з', 'другом', 'гуляємо', 'в', 'парку', '.'];Ми;['Нас', 'Нам']
0;['Я', 'приїхав', 'в', 'Україну', 'з', 'Китаю', '.'];Я;['Мене', 'Мені']
2;['Скільки', 'коштує', 'ця', 'пара', 'взуття', '?'];ця;['цієї', 'цій', 'цю']
0;['Я', 'хочу', 'купити', 'хліб', '.'];Я;['Мене', 'Мені']
1;['—', 'Моє', "ім'я", '(', 'є', ')', 'Марія', '.'];Моє;['Мого', 'Моєму']
0;['Я', 'спробую', 'знайти', 'інше', 'взуття', '.'];Я;['Мене', 'Мені']
0;['Я', 'не', 'можу', 'знайти', 'адресу', '.'];Я;['Мене', 'Мені']
1;['У', 'мене', '(', 'є', ')', 'велика', "сім'я", '.'];мене;['я', 'мені']
0;['Я', 'займаюся', 'танцями', 'і', 'співаю', 'у', 'вільний', 'час', '.'];Я;['Мене', 'Мені']
2;['Чим', 'займається', 'твій', 'брат', '?'];твій;['твого', 'твоєму']
2;['На', 'ринку', 'я', 'можу', 'купити', 'такі', 'самі', 'товари', '.'];я;['мене', 'мені']
0;['Я', '(', 'є', ')', 'в', 'парку', '.'];Я;['Мене', 'Мені']
0;['Мені', 'потрібно', 'зробити', 'пересадку', 'на', 'станції', 'Хрещатик', '.'];Мені;['Я', 'Мене']
0;['Я', 'маю', 'молодшу', 'сестру', '.'];Я;['Мене', 'Мені']
0;['Мені', 'подобається', 'спілкуватися', 'з', 'тобою', '.'];Мені;['Я', 'Мене']
0;['Я', 'хочу', 'працювати', 'перекладачем', '.'];Я;['Мене', 'Мені']
0;['Це', 'зручно', ',', 'бо', 'тобі', 'не', 'потрібно', 'буде', 'готувати', 'вдома', '.'];Це;['Цього', 'Цьому', 'Цім']
4;['Це', 'зручно', ',', 'бо', 'тобі', 'не', 'потрібно', 'буде', 'готувати', 'вдома', '.'];тобі;['ти', 'тебе']
5;['У', 'парку', 'стало', 'темно', ',', 'тому', 'увімкнули', 'ліхтарі', '.'];тому;['той', 'того', 'тім']
0;['Я', 'шукаю', 'розклад', '.'];Я;['Мене', 'Мені']
0;['Вони', 'живуть', 'окремо', '.'];Вони;['Їх', 'Їм', 'Них']
0;['Його', 'можна', 'придбати', 'на', 'касі', 'магазина', '.'];Його;['Він', 'Йому', 'Нім']
0;['Мій', 'брат', 'Андрій', 'живе', 'в', 'Києві', 'з', 'мамою', 'і', 'татом', '.'];Мій;['Мого', 'Моєму']
0;['Я', 'приїхав', 'в', 'парк', 'на', 'автобусі', '.'];Я;['Мене', 'Мені']
0;['Я', 'можу', 'на', 'ній', 'доїхати', 'на', 'Деміївську', 'площу', '?'];Я;['Мене', 'Мені']
3;['Я', 'можу', 'на', 'ній', 'доїхати', 'на', 'Деміївську', 'площу', '?'];ній;['вона', 'її', 'їй']
2;['Скільки', 'років', 'твоєму', 'батькові', '?'];твоєму;['твій', 'твого']
2;['А', 'де', 'це', '?'];це;['цього', 'цьому', 'цім']
0;['Ви', 'не', 'знаєте', ',', 'де', 'він', 'знаходиться', '?'];Ви;['Вас', 'Вам']
5;['Ви', 'не', 'знаєте', ',', 'де', 'він', 'знаходиться', '?'];він;['його', 'йому', 'нім']
1;['У', 'цьому', 'парку', 'завжди', 'багато', 'людей', '.'];цьому;['цей', 'цього', 'цім']
1;['Скільки', 'він', 'коштує', '?'];він;['його', 'йому', 'нім']
3;['—', 'Підкажіть', ',', 'я', 'на', 'площі', 'Льва', 'Толстого', '?'];я;['мене', 'мені']
0;['Ця', 'сукня', 'замала', 'для', 'мене', '.'];Ця;['Цієї', 'Цій', 'Цю']
4;['Ця', 'сукня', 'замала', 'для', 'мене', '.'];мене;['я', 'мені']
0;['Мені', 'потрібні', 'дешевші', 'чоботи', '.'];Мені;['Я', 'Мене']
1;['Куди', 'мені', 'йти', '?'];мені;['я', 'мене']
2;['Перепрошую', ',', 'я', 'шукаю', 'другий', '(', '2', ')', "під'їзд", 'цього', 'будинку', '.'];я;['мене', 'мені']
9;['Перепрошую', ',', 'я', 'шукаю', 'другий', '(', '2', ')', "під'їзд", 'цього', 'будинку', '.'];цього;['цей', 'цьому', 'цім']
1;['Усі', 'ми', 'живемо', 'в', 'великому', 'приватному', 'будинку', '.'];ми;['нас', 'нам']
3;['В', 'якій', 'аудиторії', 'вона', 'пройде', '?'];вона;['її', 'їй', 'ній']
1;['Біля', 'того', 'входу', 'є', 'маленьке', 'кафе', ',', 'можемо', 'взяти', 'кави', 'і', 'щось', 'поїсти', 'і', 'влаштувати', 'пікнік', 'на', 'травичці', '.'];того;['той', 'тому', 'тім']
1;['У', 'мене', 'є', 'бабуся', 'і', 'дідусь', '.'];мене;['я', 'мені']
4;['Яке', '(', 'є', ')', 'твоє', "ім'я", '?'];твоє;['твого', 'твоєму']
0;['Ми', 'попросили', 'допомоги', 'в', 'інших', 'студентів', '.'];Ми;['Нас', 'Нам']
0;['Я', 'також', 'маю', 'бабусю', '.'];Я;['Мене', 'Мені']
2;['Як', 'звати', 'твоїх', 'батьків', '?'];твоїх;['твої', 'твоїм']
0;['Я', 'йду', 'по', 'коридору', '.'];Я;['Мене', 'Мені']
0;['Мені', 'було', 'приємно', 'з', 'тобою', 'познайомитися', '.'];Мені;['Я', 'Мене']
0;['Вона', '(', 'Оля', ')', 'одружена', ',', 'вона', 'є', 'дружиною', 'Сергія', '.'];Вона;['Її', 'Їй', 'Ній']
6;['Вона', '(', 'Оля', ')', 'одружена', ',', 'вона', 'є', 'дружиною', 'Сергія', '.'];вона;['її', 'їй', 'ній']
0;['Ви', 'можете', 'показати', 'шлях', 'на', 'мапі', '?'];Ви;['Вас', 'Вам']
1;['—', 'Вам', 'потрібно', 'проїхати', 'на', 'маршрутці', '825', 'дві', '(', '2', ')', 'зупинки', '.'];Вам;['Ви', 'Вас']
2;['Яка', 'з', 'них', 'вільна', '?'];них;['вони', 'їх', 'їм']
0;['Ви', 'виходите', 'на', 'наступній', '(', 'зупинці', ')', '?'];Ви;['Вас', 'Вам']
0;['Мені', 'подобається', 'навчання', 'в', 'університеті', '.'];Мені;['Я', 'Мене']
0;['Цього', 'семестру', 'я', 'пишу', 'курсову', 'роботу', '.'];Цього;['Цей', 'Цьому', 'Цім']
2;['Цього', 'семестру', 'я', 'пишу', 'курсову', 'роботу', '.'];я;['мене', 'мені']
0;['Моя', 'родина', 'любить', 'проводити', 'час', 'разом', '.'];Моя;['Моєї', 'Моїй', 'Мою']
2;['Коли', 'відходить', 'цей', 'потяг', '?'];цей;['цього', 'цьому', 'цім']
0;['Я', '(', 'є', ')', 'студент', 'третього', '(', '3', ')', 'курсу', '.'];Я;['Мене', 'Мені']
0;['Її', 'звати', 'Олена', '.'];Її;['Вона', 'Їй', 'Ній']
1;['Звідки', 'ти', '(', 'є', ')', 'родом', '?'];ти;['тебе', 'тобі']
0;['Ми', 'сидимо', 'на', 'лавці', 'і', 'розмовляємо', 'говоримо', 'спілкуємось', '.'];Ми;['Нас', 'Нам']
0;['Я', 'приміряв', '10', 'футболок', '.'];Я;['Мене', 'Мені']
0;['Я', 'навчаюсь', 'в', 'університеті', '.'];Я;['Мене', 'Мені']
0;['Я', 'прийшов', 'на', 'пару', 'з', 'української', 'мови', '.'];Я;['Мене', 'Мені']
2;['Так', ',', 'вони', 'сьогоднішні', '.'];вони;['їх', 'їм', 'них']
2;['Які', 'в', 'тебе', 'захоплення', '?'];тебе;['ти', 'тобі']
6;['Щоб', 'придбати', 'продукти', ',', 'потрібно', 'скласти', 'їх', 'у', 'кошик', 'і', 'пройти', 'на', 'касу', '.'];їх;['вони', 'їм', 'них']
0;['Мені', 'подобається', 'гуляти', 'на', 'свіжому', 'повітрі', 'по', 'набережній', '.'];Мені;['Я', 'Мене']
0;['Я', 'шукаю', 'магазин', 'із', 'жіночим', 'одягом', '.'];Я;['Мене', 'Мені']
1;['У', 'мене', 'не', '(', 'є', ')', 'велика', "сім'я", '.'];мене;['я', 'мені']
0;['Мені', 'подобається', 'в', 'школі', '.'];Мені;['Я', 'Мене']
2;['Парк', '—', 'це', 'чудове', 'місце', 'для', 'зустрічі', 'з', 'друзями', '.'];це;['цього', 'цьому', 'цім']
0;['Я', 'маю', 'пільги', '?'];Я;['Мене', 'Мені']
2;['На', 'перерві', 'я', 'можу', 'піти', 'в', 'їдальню', '.'];я;['мене', 'мені']
0;['Наша', "сім'я", 'живе', 'в', 'Києві', '.'];Наша;['Нашої', 'Нашій', 'Нашу']
0;['Мені', 'подобається', 'вчитися', '.'];Мені;['Я', 'Мене']
0;['Мені', 'потрібне', 'нове', 'взуття', '.'];Мені;['Я', 'Мене']
0;['Це', 'мама', ',', 'тато', 'і', 'я', '.', 'Ми', 'живемо', 'в', 'Україні', ',', 'у', 'місті', 'Київ', '.'];Це;['Цього', 'Цьому', 'Цім']
5;['Це', 'мама', ',', 'тато', 'і', 'я', '.', 'Ми', 'живемо', 'в', 'Україні', ',', 'у', 'місті', 'Київ', '.'];я;['мене', 'мені']
7;['Це', 'мама', ',', 'тато', 'і', 'я', '.', 'Ми', 'живемо', 'в', 'Україні', ',', 'у', 'місті', 'Київ', '.'];Ми;['Нас', 'Нам']
0;['Я', 'бачу', 'кав', 'ярню', '.'];Я;['Мене', 'Мені']
0;['Ви', 'не', 'підкажете', 'найближчий', '?'];Ви;['Вас', 'Вам']
7;['Не', 'підкажете', ',', 'будь', 'ласка', ',', 'як', 'мені', 'дістатися', 'до', 'ТЦ', 'Ocean', 'Plaza', '?'];мені;['я', 'мене']
2;['—', 'Тоді', 'я', 'не', 'можу', 'його', 'придбати', '.'];я;['мене', 'мені']
5;['—', 'Тоді', 'я', 'не', 'можу', 'його', 'придбати', '.'];його;['він', 'йому', 'нім']
2;['Також', 'в', 'нас', 'є', 'домашній', 'улюбленець', '—', 'кіт', 'собака', ',', 'якого', 'ми', 'також', 'вважаємо', 'родиною', '.'];нас;['ми', 'нам']
11;['Також', 'в', 'нас', 'є', 'домашній', 'улюбленець', '—', 'кіт', 'собака', ',', 'якого', 'ми', 'також', 'вважаємо', 'родиною', '.'];ми;['нас', 'нам']
3;['Виявилося', ',', 'що', 'ми', 'маємо', 'багато', 'спільного', '.'];ми;['нас', 'нам']
1;['З', 'вас', '20', 'гривень', '.'];вас;['ви', 'вам']
0;['Я', 'хочу', 'приміряти', 'кросівки', '39', 'розміру', ',', 'допоможіть', 'мені', 'знайти', 'свій', 'розмір', ',', 'будь', 'ласка', '.'];Я;['Мене', 'Мені']
8;['Я', 'хочу', 'приміряти', 'кросівки', '39', 'розміру', ',', 'допоможіть', 'мені', 'знайти', 'свій', 'розмір', ',', 'будь', 'ласка', '.'];мені;['я', 'мене']
1;['—', 'Вам', 'потрібно', 'пройти', "п'ять", '(', '5', ')', 'хвилин', 'до', 'зупинки', 'на', 'Майдані', 'Незалежності', '.'];Вам;['Ви', 'Вас']
0;['Моя', "сім'я", '—', 'це', 'мама', ',', 'тато', 'і', 'я', '.', 'Мою', 'маму', 'звати', 'Олена', '.'];Моя;['Моєї', 'Моїй', 'Мою']
3;['Моя', "сім'я", '—', 'це', 'мама', ',', 'тато', 'і', 'я', '.', 'Мою', 'маму', 'звати', 'Олена', '.'];це;['цього', 'цьому', 'цім']
8;['Моя', "сім'я", '—', 'це', 'мама', ',', 'тато', 'і', 'я', '.', 'Мою', 'маму', 'звати', 'Олена', '.'];я;['мене', 'мені']
10;['Моя', "сім'я", '—', 'це', 'мама', ',', 'тато', 'і', 'я', '.', 'Мою', 'маму', 'звати', 'Олена', '.'];Мою;['Моя', 'Моєї', 'Моїй']
0;['Мені', 'потрібен', 'комплект', 'червоного', 'кольору', '.'];Мені;['Я', 'Мене']
0;['Вам', 'підказати', 'дорогу', '?'];Вам;['Ви', 'Вас']
0;['Я', 'кожен', 'день', 'вчу', 'українську', 'мову', '.'];Я;['Мене', 'Мені']
5;['—', 'Яке', '(', 'є', ')', 'ваше', "ім'я", '?'];ваше;['вашого', 'вашому', 'вашім']
0;['Вона', '(', 'бабуся', ')', 'живе', 'в', 'приватному', 'будинку', '.'];Вона;['Її', 'Їй', 'Ній']
1;['Де', 'я', 'можу', 'знайти', 'Петрову', 'Антоніну', '?'];я;['мене', 'мені']
0;['Я', 'хочу', 'запросити', 'тебе', 'до', 'себе', '.'];Я;['Мене', 'Мені']
3;['Я', 'хочу', 'запросити', 'тебе', 'до', 'себе', '.'];тебе;['ти', 'тобі']
0;['Ми', 'читали', 'цікаві', 'тексти', '.'];Ми;['Нас', 'Нам']
8;['Підкажіть', ',', 'будь', 'ласка', ',', 'де', 'можна', 'знайти', 'ці', 'товари', '.'];ці;['цих', 'цим']
3;['—', 'Яка', 'ціна', 'цієї', 'куртки', '?'];цієї;['ця', 'цій', 'цю']
0;['Це', 'хлопчик', 'Богдан', '.'];Це;['Цього', 'Цьому', 'Цім']
1;['У', 'тебе', 'є', 'домашні', 'улюбленці', '?'];тебе;['ти', 'тобі']
1;['Зважте', 'мені', ',', 'будь', 'ласка', ',', "п'ятсот", 'грамів', 'молочної', 'ковбаси', '.'];мені;['я', 'мене']
1;['У', 'мене', 'немає', 'братів', 'і', 'сестер', '.'];мене;['я', 'мені']
1;['Куди', 'мені', 'потім', 'повернути', '?'];мені;['я', 'мене']
1;['Як', 'мені', 'отримати', 'стипендію', '?'];мені;['я', 'мене']
0;['Мій', 'друг', 'палить', 'курить', ',', 'тому', 'ми', 'знайшли', 'місце', 'для', 'куріння', '.'];Мій;['Мого', 'Моєму']
5;['Мій', 'друг', 'палить', 'курить', ',', 'тому', 'ми', 'знайшли', 'місце', 'для', 'куріння', '.'];тому;['той', 'того', 'тім']
6;['Мій', 'друг', 'палить', 'курить', ',', 'тому', 'ми', 'знайшли', 'місце', 'для', 'куріння', '.'];ми;['нас', 'нам']
0;['Я', 'наймолодший', 'у', 'своїй', "сім'ї", '.'];Я;['Мене', 'Мені']
0;['Це', 'допоможе', 'мені', 'вільно', 'спілкуватися', 'нею', '.'];Це;['Цього', 'Цьому', 'Цім']
2;['Це', 'допоможе', 'мені', 'вільно', 'спілкуватися', 'нею', '.'];мені;['я', 'мене']
0;['Ця', 'будівля', 'має', 'дуже', 'багато', 'проходів', '.'];Ця;['Цієї', 'Цій', 'Цю']
0;['Він', '(', 'Андрій', ')', 'вчиться', 'в', 'школі', '.'];Він;['Його', 'Йому', 'Нім']
0;['Я', 'і', 'мій', 'одногрупник', 'не', 'можемо', 'знайти', 'потрібну', 'аудиторію', '.'];Я;['Мене', 'Мені']
2;['Я', 'і', 'мій', 'одногрупник', 'не', 'можемо', 'знайти', 'потрібну', 'аудиторію', '.'];мій;['мого', 'моєму']
2;['Набережна', '—', 'це', '(', 'є', ')', 'берег', 'водойми', '.'];це;['цього', 'цьому', 'цім']
1;['У', 'мене', 'сорок', "п'ятий", '(', '45', ')', 'розмір', '.'];мене;['я', 'мені']
0;['Його', 'потрібно', 'виконувати', 'вдома', '.'];Його;['Він', 'Йому', 'Нім']
0;['Ви', 'продаєте', 'свіжі', 'огірки', '?'];Ви;['Вас', 'Вам']
0;['Вони', 'є', 'багаторазовими', '.'];Вони;['Їх', 'Їм', 'Них']
0;['Мені', 'потрібні', 'теплі', 'чоботи', '.'];Мені;['Я', 'Мене']
1;['В', 'мене', 'велика', "сім'я", '.'];мене;['я', 'мені']
0;['Ми', 'хочемо', 'випити', 'кави', ',', 'тому', 'йдемо', 'в', 'кіоск', '.'];Ми;['Нас', 'Нам']
5;['Ми', 'хочемо', 'випити', 'кави', ',', 'тому', 'йдемо', 'в', 'кіоск', '.'];тому;['той', 'того', 'тім']
1;['Осінь', 'моя', 'улюблена', 'пора', 'року', '.'];моя;['моєї', 'моїй', 'мою']
0;['Моє', '(', 'є', ')', 'Джон', '.'];Моє;['Мого', 'Моєму']
0;['Мені', 'вони', 'є', 'дядьком', '(', 'брат', 'мами', ')', 'і', 'тіткою', '(', 'сестра', 'мами', ')', '.'];Мені;['Я', 'Мене']
1;['Мені', 'вони', 'є', 'дядьком', '(', 'брат', 'мами', ')', 'і', 'тіткою', '(', 'сестра', 'мами', ')', '.'];вони;['їх', 'їм', 'них']
0;['Я', '(', 'є', ')', 'на', '2', 'курсі', '.'];Я;['Мене', 'Мені']
0;['Я', 'живу', 'тут', 'вже', 'два', '(', '2', ')', 'місяці', '.'];Я;['Мене', 'Мені']
1;['—', 'Я', '(', 'є', ')', 'Саша', '.'];Я;['Мене', 'Мені']
1;['Де', 'ти', 'навчаєшся', '?'];ти;['тебе', 'тобі']
1;['У', 'мене', '(', 'є', ')', 'тридцять', "п'ятий", '(', '35', ')', 'розмір', 'ноги', '.'];мене;['я', 'мені']
0;['Я', 'поки', 'не', 'буду', 'купувати', 'футболку', '.'];Я;['Мене', 'Мені']
0;['Він', 'ходить', 'в', 'перший', 'клас', '.'];Він;['Його', 'Йому', 'Нім']
0;['Я', 'хочу', 'поїхати', 'у', 'гуртожиток', 'на', 'таксі', '.'];Я;['Мене', 'Мені']
6;['—', 'Як', 'перейти', 'на', 'іншу', 'сторону', 'цієї', 'вулиці', '?'];цієї;['ця', 'цій', 'цю']
1;['В', 'мене', 'є', 'мама', ',', 'тато', ',', 'сестра', 'і', 'брат', '.'];мене;['я', 'мені']
10;['Щоб', 'водій', 'зупинив', 'на', 'потрібній', 'зупинці', ',', 'потрібно', 'попросити', 'про', 'це', '.'];це;['цього', 'цьому', 'цім']
2;['—', 'Як', 'мені', 'дістатися', 'до', 'Інституту', 'філології', '?'];мені;['я', 'мене']
0;['Я', 'маю', 'брата', 'і', 'сестру', '.'];Я;['Мене', 'Мені']
0;['Я', 'купив', 'каву', 'в', 'кіоску', '.'];Я;['Мене', 'Мені']
1;['Чим', 'я', 'можу', 'туди', 'дістатися', '?'];я;['мене', 'мені']
0;['Ти', 'теж', 'ходиш', 'на', 'курси', 'англійської', 'в', 'університеті', '?'];Ти;['Тебе', 'Тобі']
0;['Це', 'взуття', 'мені', 'не', 'подобається', '.'];Це;['Цього', 'Цьому', 'Цім']
2;['Це', 'взуття', 'мені', 'не', 'подобається', '.'];мені;['я', 'мене']
0;['Ми', 'почали', 'розмовляти', 'і', 'гуляти', 'далі', 'разом', '.'];Ми;['Нас', 'Нам']
1;['Представ', 'мене', 'йому', ',', 'будь', 'ласка', '.'];мене;['я', 'мені']
2;['Представ', 'мене', 'йому', ',', 'будь', 'ласка', '.'];йому;['він', 'його', 'нім']
0;['Я', 'маю', 'карту', 'супермаркету', 'і', 'мені', 'потрібен', 'один', 'великий', 'пакет', '.'];Я;['Мене', 'Мені']
5;['Я', 'маю', 'карту', 'супермаркету', 'і', 'мені', 'потрібен', 'один', 'великий', 'пакет', '.'];мені;['я', 'мене']
2;['Скільки', 'років', 'твоєму', 'братові', '?'];твоєму;['твій', 'твого']
0;['Вона', '(', 'Ірина', ')', 'живе', 'в', 'Харкові', '.'];Вона;['Її', 'Їй', 'Ній']
0;['Я', 'вчусь', 'навчаюсь', 'у', "дев'ятому", '(', '9', ')', 'класі', '.'];Я;['Мене', 'Мені']
0;['Моя', "сім'я", 'живе', 'в', 'Києві', '.'];Моя;['Моєї', 'Моїй', 'Мою']
0;['Ви', 'можете', 'придбати', 'куртку', 'лише', 'за', '600', 'гривень', '.'];Ви;['Вас', 'Вам']
0;['Я', 'заблукав', '.'];Я;['Мене', 'Мені']
0;['Я', 'гуляю', 'в', 'парку', 'кожного', 'дня', '.'];Я;['Мене', 'Мені']
0;['Я', 'хочу', 'придбати', 'домашні', 'капці', '.'];Я;['Мене', 'Мені']
0;['Мені', 'потрібно', 'у', 'найближчу', 'аптеку', '.'];Мені;['Я', 'Мене']
4;['—', 'Доброго', 'дня', ',', 'цей', 'автобус', 'прямує', 'до', 'Майдану', 'Незалежності', '?'];цей;['цього', 'цьому', 'цім']
0;['Мені', 'потрібно', 'на', 'синю', 'гілку', 'метро', '.'];Мені;['Я', 'Мене']
0;['Йому', '(', 'Андрію', ')', '5', 'років', '.'];Йому;['Він', 'Його', 'Нім']
0;['Я', 'познайомилася', 'зі', 'своєю', 'подругою', ',', 'коли', 'гуляла', 'в', 'ботанічному', 'саду', '.'];Я;['Мене', 'Мені']
0;['Я', 'живу', 'на', 'першому', '(', '1', ')', 'поверсі', '.'];Я;['Мене', 'Мені']
0;['Мій', 'розмір', '(', 'є', ')', 'L', '.', 'Ви', 'маєте', 'мій', 'розмір', '?'];Мій;['Мого', 'Моєму']
7;['Мій', 'розмір', '(', 'є', ')', 'L', '.', 'Ви', 'маєте', 'мій', 'розмір', '?'];Ви;['Вас', 'Вам']
9;['Мій', 'розмір', '(', 'є', ')', 'L', '.', 'Ви', 'маєте', 'мій', 'розмір', '?'];мій;['мого', 'моєму']
1;['Ким', 'ти', 'хочеш', 'працювати', 'в', 'майбутньому', '?'];ти;['тебе', 'тобі']
2;['Там', 'продають', 'мій', 'улюблений', 'десерт', '.'];мій;['мого', 'моєму']
0;['Це', '(', 'є', ')', 'мої', 'дитячі', 'хобі', '.'];Це;['Цього', 'Цьому', 'Цім']
4;['Це', '(', 'є', ')', 'мої', 'дитячі', 'хобі', '.'];мої;['моїх', 'моїм']
3;['А', 'як', 'звати', 'тебе', '?'];тебе;['ти', 'тобі']
0;['Це', '—', 'тролейбус', '4', '.'];Це;['Цього', 'Цьому', 'Цім']
0;['Моя', "сім'я", 'складається', 'з', 'трьох', 'осіб', '.'];Моя;['Моєї', 'Моїй', 'Мою']
0;['Моє', "ім'я", '(', 'є', ')', 'Джон', '.'];Моє;['Мого', 'Моєму']
0;['Ми', 'часто', 'подорожуємо', 'по', 'різних', 'містах', '.'];Ми;['Нас', 'Нам']
0;['Вона', 'запитала', 'як', 'мене', 'звати', '.'];Вона;['Її', 'Їй', 'Ній']
3;['Вона', 'запитала', 'як', 'мене', 'звати', '.'];мене;['я', 'мені']
0;['Я', 'хочу', 'придбати', 'ці', 'продукти', '.'];Я;['Мене', 'Мені']
3;['Я', 'хочу', 'придбати', 'ці', 'продукти', '.'];ці;['цих', 'цим']
3;['На', 'якому', 'поверсі', 'ти', 'живеш', '?'];ти;['тебе', 'тобі']
3;['—', 'Дякую', ',', 'це', '(', 'є', ')', 'моя', 'молодша', 'сестра', '.'];це;['цього', 'цьому', 'цім']
7;['—', 'Дякую', ',', 'це', '(', 'є', ')', 'моя', 'молодша', 'сестра', '.'];моя;['моєї', 'моїй', 'мою']
0;['Мені', 'дуже', 'подобається', 'моя', 'спеціальність', '.'];Мені;['Я', 'Мене']
3;['Мені', 'дуже', 'подобається', 'моя', 'спеціальність', '.'];моя;['моєї', 'моїй', 'мою']
0;['Я', 'живу', 'в', 'студмістечку', '.'];Я;['Мене', 'Мені']
0;['Я', 'хочу', 'розрахуватись', 'готівкою', '.'];Я;['Мене', 'Мені']
0;['Ти', 'любиш', 'слухати', 'музику', '?'];Ти;['Тебе', 'Тобі']
1;['Жодна', 'мені', 'не', 'сподобалася', '.'];мені;['я', 'мене']
0;['Вона', '(', "сім'я", ')', 'складається', 'з', 'шести', '(', '6', ')', 'осіб', '.'];Вона;['Її', 'Їй', 'Ній']
3;['Ботанічний', 'сад', '—', 'це', '(', 'є', ')', 'парк', ',', 'у', 'якому', 'є', 'велика', 'кількість', 'квітів', ',', 'дерев', 'і', 'кущів', '.'];це;['цього', 'цьому', 'цім']
0;['Він', 'живе', 'зі', 'своєю', 'дружиною', 'і', 'дочкою', 'в', 'Києві', '.'];Він;['Його', 'Йому', 'Нім']
3;['Можливо', 'перейдемо', 'на', 'ти', '?'];ти;['тебе', 'тобі']
4;['Скільки', 'коштує', 'квиток', 'на', 'цей', 'потяг', '?'];цей;['цього', 'цьому', 'цім']
0;['Я', 'хочу', 'їх', 'приміряти', '.'];Я;['Мене', 'Мені']
2;['Я', 'хочу', 'їх', 'приміряти', '.'];їх;['вони', 'їм', 'них']
1;['—', 'Моє', "ім'я", 'теж', '(', 'є', ')', 'Саша', '.'];Моє;['Мого', 'Моєму']
0;['Я', 'одружився', 'на', 'дівчині', ',', 'тому', 'вона', 'стала', 'моєю', 'дружиною', ',', 'а', 'я', '(', 'став', ')', 'її', 'чоловіком', '.'];Я;['Мене', 'Мені']
5;['Я', 'одружився', 'на', 'дівчині', ',', 'тому', 'вона', 'стала', 'моєю', 'дружиною', ',', 'а', 'я', '(', 'став', ')', 'її', 'чоловіком', '.'];тому;['той', 'того', 'тім']
6;['Я', 'одружився', 'на', 'дівчині', ',', 'тому', 'вона', 'стала', 'моєю', 'дружиною', ',', 'а', 'я', '(', 'став', ')', 'її', 'чоловіком', '.'];вона;['її', 'їй', 'ній']
12;['Я', 'одружився', 'на', 'дівчині', ',', 'тому', 'вона', 'стала', 'моєю', 'дружиною', ',', 'а', 'я', '(', 'став', ')', 'її', 'чоловіком', '.'];я;['мене', 'мені']
16;['Я', 'одружився', 'на', 'дівчині', ',', 'тому', 'вона', 'стала', 'моєю', 'дружиною', ',', 'а', 'я', '(', 'став', ')', 'її', 'чоловіком', '.'];її;['вона', 'їй', 'ній']
0;['Мені', 'потрібно', 'доїхати', 'у', 'центр', '.'];Мені;['Я', 'Мене']
0;['Вони', 'нам', 'допомогли', '.'];Вони;['Їх', 'Їм', 'Них']
1;['Вони', 'нам', 'допомогли', '.'];нам;['ми', 'нас']
3;['—', 'Дівчино', ',', 'вам', 'допомогти', 'з', 'валізою', '?'];вам;['ви', 'вас']
0;['Я', 'гуляю', 'в', 'парку', 'зараз', '.'];Я;['Мене', 'Мені']
1;['Як', 'мені', 'пройти', 'до', 'цієї', 'зупинки', '?'];мені;['я', 'мене']
4;['Як', 'мені', 'пройти', 'до', 'цієї', 'зупинки', '?'];цієї;['ця', 'цій', 'цю']
0;['Цей', 'кардиган', '(', 'є', ')', 'не', 'в', 'моєму', 'стилі', '.'];Цей;['Цього', 'Цьому', 'Цім']
7;['Цей', 'кардиган', '(', 'є', ')', 'не', 'в', 'моєму', 'стилі', '.'];моєму;['мій', 'мого']
0;['Ми', 'любимо', 'прогулюватися', 'по', 'місту', 'разом', 'з', 'бабусею', 'і', 'дідусем', '.'];Ми;['Нас', 'Нам']
0;['Я', 'гуляю', 'в', 'парку', 'з', 'собакою', '.'];Я;['Мене', 'Мені']
2;['—', 'Тоді', 'я', 'приміряю', 'чорну', 'футболку', '.'];я;['мене', 'мені']
0;['Вона', '(', 'Ірина', ')', 'вчиться', 'в', 'університеті', '.'];Вона;['Її', 'Їй', 'Ній']
3;['—', 'Ні', ',', 'ви', 'на', 'вулиці', 'Льва', 'Толстого', '.'];ви;['вас', 'вам']
2;['В', 'університеті', 'я', 'вивчаю', 'дві', 'іноземні', 'мови', '.'];я;['мене', 'мені']
1;['На', 'ньому', 'ти', 'потрапиш', 'у', 'центр', 'міста', '.'];ньому;['він', 'його', 'йому', 'нім']
2;['На', 'ньому', 'ти', 'потрапиш', 'у', 'центр', 'міста', '.'];ти;['тебе', 'тобі']
0;['Мені', 'потрібна', 'гречка', '.'];Мені;['Я', 'Мене']
3;['—', 'Так', ',', 'мені', 'потрібно', 'на', 'вулицю', 'Ломоносова', '.'];мені;['я', 'мене']
0;['Я', 'дуже', 'люблю', 'слухати', 'музику', '.'];Я;['Мене', 'Мені']
0;['Я', 'залишу', 'тобі', 'свій', 'номер', '.'];Я;['Мене', 'Мені']
2;['Я', 'залишу', 'тобі', 'свій', 'номер', '.'];тобі;['ти', 'тебе']
0;['Ми', 'разом', 'навчаємося', 'на', 'підготовчих', 'курсах', '.'];Ми;['Нас', 'Нам']
0;['Я', 'хочу', 'з', 'ним', 'познайомитися', '.'];Я;['Мене', 'Мені']
1;['Як', 'вас', 'звати', '?'];вас;['ви', 'вам']
0;['Він', '(', 'Богдан', ')', '(', 'є', ')', 'мій', 'племінник', '.'];Він;['Його', 'Йому', 'Нім']
7;['Він', '(', 'Богдан', ')', '(', 'є', ')', 'мій', 'племінник', '.'];мій;['мого', 'моєму']
2;['Вибачте', ',', 'цей', 'потяг', 'зупиняється', 'в', 'Києві', '?'];цей;['цього', 'цьому', 'цім']
0;['Мені', 'потрібно', 'купити', 'продукти', '.'];Мені;['Я', 'Мене']
0;['Я', 'вчуся', 'на', 'факультеті', 'економіки', '.'];Я;['Мене', 'Мені']
1;['Скільки', 'тобі', 'років', '?'];тобі;['ти', 'тебе']
1;['У', 'вас', 'точно', 'багато', 'спільного', '.'];вас;['ви', 'вам']
2;['На', 'якому', 'ти', '(', 'є', ')', 'курсі', '?'];ти;['тебе', 'тобі']
0;['Я', 'шукаю', 'зимове', 'взуття', '.'];Я;['Мене', 'Мені']
1;['Зараз', 'я', 'на', 'станції', 'Теремки', '?'];я;['мене', 'мені']
0;['Я', 'попросив', 'викладача', 'пояснити', 'мені', 'ще', 'раз', '.'];Я;['Мене', 'Мені']
4;['Я', 'попросив', 'викладача', 'пояснити', 'мені', 'ще', 'раз', '.'];мені;['я', 'мене']
1;['—', 'Вам', 'потрібен', 'пакет', '?'];Вам;['Ви', 'Вас']
1;['Зараз', 'я', 'живу', 'в', 'гуртожитку', '.'];я;['мене', 'мені']
3;['Де', 'вчиться', 'навчається', 'твоя', 'сестра', '?'];твоя;['твоєї', 'твоїй', 'твою']
0;['Я', 'гуляю', 'в', 'парку', '.'];Я;['Мене', 'Мені']
0;['Я', 'б', 'хотів', 'її', 'приміряти', '.'];Я;['Мене', 'Мені']
3;['Я', 'б', 'хотів', 'її', 'приміряти', '.'];її;['вона', 'їй', 'ній']
0;['Він', '(', 'туалет', ')', '(', 'є', ')', 'платний', '.'];Він;['Його', 'Йому', 'Нім']
1;['—', 'Мені', 'потрібно', 'в', 'аеропорт', 'Бориспіль', '.'];Мені;['Я', 'Мене']
1;['У', 'тебе', 'є', 'брат', 'чи', 'сестра', '?'];тебе;['ти', 'тобі']
0;['Мені', 'подобаються', 'ці', 'кеди', '.'];Мені;['Я', 'Мене']
2;['Мені', 'подобаються', 'ці', 'кеди', '.'];ці;['цих', 'цим']
0;['Вона', 'завжди', 'пригощає', 'мене', 'солодощами', '.'];Вона;['Її', 'Їй', 'Ній']
3;['Вона', 'завжди', 'пригощає', 'мене', 'солодощами', '.'];мене;['я', 'мені']
0;['Я', 'дуже', 'її', 'люблю', '.'];Я;['Мене', 'Мені']
2;['Я', 'дуже', 'її', 'люблю', '.'];її;['вона', 'їй', 'ній']
0;['Я', 'б', 'хотіла', 'приміряти', 'всі', '.'];Я;['Мене', 'Мені']
1;['У', 'мене', '(', 'є', ')', 'велика', 'родина', '.'];мене;['я', 'мені']
2;['Ким', 'працює', 'твій', 'тато', '?'];твій;['твого', 'твоєму']
0;['Мені', '(', 'є', ')', 'двадцять', '(', '20', ')', 'років', '.'];Мені;['Я', 'Мене']
0;['Я', 'маю', 'старшого', 'брата', '.'];Я;['Мене', 'Мені']
0;['Мій', 'розмір', '(', 'є', ')', 'S', '.', 'Добрий', 'день', '.'];Мій;['Мого', 'Моєму']
0;['Я', 'часто', 'приїжджаю', 'до', 'неї', '(', 'бабусі', ')', 'в', 'гості', '.'];Я;['Мене', 'Мені']
4;['Я', 'часто', 'приїжджаю', 'до', 'неї', '(', 'бабусі', ')', 'в', 'гості', '.'];неї;['вона', 'її', 'їй', 'ній']
1;['Скільки', 'вони', 'коштують', 'разом', '?'];вони;['їх', 'їм', 'них']
0;['Я', 'хочу', 'купити', 'овочі', 'і', 'фрукти', '.'];Я;['Мене', 'Мені']
0;['Я', 'викличу', 'його', 'у', 'мобільному', 'додатку', 'служби', 'таксі', '.'];Я;['Мене', 'Мені']
2;['Я', 'викличу', 'його', 'у', 'мобільному', 'додатку', 'служби', 'таксі', '.'];його;['він', 'йому', 'нім']
2;['Викладачі', 'допомагають', 'мені', 'вчити', 'українську', 'мову', '.'];мені;['я', 'мене']
0;['Я', 'дізнався', 'багато', 'нових', 'слів', '.'];Я;['Мене', 'Мені']
0;['Я', 'вже', 'познайомився', 'з', 'твоїм', 'братом', '.'];Я;['Мене', 'Мені']
4;['Я', 'вже', 'познайомився', 'з', 'твоїм', 'братом', '.'];твоїм;['твій', 'твого', 'твоєму']
0;['Я', 'не', 'знаю', ',', 'як', 'звідси', 'дібратися', 'до', 'Інституту', 'філології', '.'];Я;['Мене', 'Мені']
0;['Я', 'хочу', 'купити', 'чоботи', '.'];Я;['Мене', 'Мені']
5;['Так', 'водій', 'зрозуміє', ',', 'що', 'вам', 'потрібно', 'виходити', '.'];вам;['ви', 'вас']
0;['Я', 'б', 'хотіла', 'купити', 'спортивний', 'костюм', 'синього', 'кольору', '.'];Я;['Мене', 'Мені']
0;['Ви', 'можете', 'мені', 'щось', 'підібрати', '?'];Ви;['Вас', 'Вам']
2;['Ви', 'можете', 'мені', 'щось', 'підібрати', '?'];мені;['я', 'мене']
0;['Вона', 'читає', 'книжку', '.'];Вона;['Її', 'Їй', 'Ній']
3;['—', 'На', 'якій', 'я', 'зараз', 'вулиці', '?'];я;['мене', 'мені']
0;['Мене', 'звати', 'Настя', '.'];Мене;['Я', 'Мені']
1;['У', 'моєї', 'мами', '(', 'є', ')', 'брат', 'і', 'сестра', '.'];моєї;['моя', 'моїй', 'мою']
0;['Я', 'подивлюся', 'на', 'футболки', 'в', 'інших', 'магазинах', '.'];Я;['Мене', 'Мені']
1;['—', 'Мені', 'подобається', 'кожна', 'з', 'них', '.'];Мені;['Я', 'Мене']
5;['—', 'Мені', 'подобається', 'кожна', 'з', 'них', '.'];них;['вони', 'їх', 'їм']
